feature,coefficient,abs_importance
acreage_change_pct,-2.0589382884468708,2.0589382884468708
avg_farm_size_change_pct,-1.7717768665060505,1.7717768665060505
farm_count_change_pct,-0.8556619402994479,0.8556619402994479
consolidation_ratio,0.6765978570835429,0.6765978570835429
